<?xml version="1.0" encoding="UTF-8"?>
 <extension type="package" version="1.6">
 <name>Comment Package</name>
 <author>Anatoly Smirnov</author>
 <creationDate>November 2014</creationDate>
 <packagename>Comments</packagename>
 <version>0.0.1</version>
 <url>http://www.mcentre.spb.ru/</url>
 <packager>Anatoly Smirnov</packager>
 <packagerurl>http://www.mcentre.spb.ru/</packagerurl>
 <description>Ajax comments</description>
 <update>http://www.mcentre.spb.ru/</update>
 <files folder="packages">
   <file type="component" id="comment" >com_comment.zip</file>
   <file type="module" id="comment" client="site">mod_comment.zip</file>
 </files>
 </extension>
